Text Collection,# of Positive Labeled Documents,Î±,C,F1 Score
CSTR,1,0.2,0.1,0.0138
CSTR,1,0.2,1,0.0025
CSTR,1,0.2,10,0.0025
CSTR,1,0.2,100,0.0025
CSTR,1,0.2,1000,0.0025
CSTR,1,0.4,0.1,0.0139
CSTR,1,0.4,1,0.0025
CSTR,1,0.4,10,0.0025
CSTR,1,0.4,100,0.0025
CSTR,1,0.4,1000,0.0025
CSTR,1,0.6,0.1,0.0139
CSTR,1,0.6,1,0.0025
CSTR,1,0.6,10,0.0025
CSTR,1,0.6,100,0.0025
CSTR,1,0.6,1000,0.0025
CSTR,1,0.8,0.1,0.0138
CSTR,1,0.8,1,0.0025
CSTR,1,0.8,10,0.0025
CSTR,1,0.8,100,0.0025
CSTR,1,0.8,1000,0.0025
CSTR,1,1.0,0.1,0.0015
CSTR,1,1.0,1,0.0025
CSTR,1,1.0,10,0.0025
CSTR,1,1.0,100,0.0025
CSTR,1,1.0,1000,0.0025
CSTR,10,0.2,0.1,0.2122
CSTR,10,0.2,1,0.1790
CSTR,10,0.2,10,0.1790
CSTR,10,0.2,100,0.1790
CSTR,10,0.2,1000,0.1790
CSTR,10,0.4,0.1,0.2748
CSTR,10,0.4,1,0.1782
CSTR,10,0.4,10,0.1782
CSTR,10,0.4,100,0.1782
CSTR,10,0.4,1000,0.1782
CSTR,10,0.6,0.1,0.2748
CSTR,10,0.6,1,0.1782
CSTR,10,0.6,10,0.1782
CSTR,10,0.6,100,0.1782
CSTR,10,0.6,1000,0.1782
CSTR,10,0.8,0.1,0.2122
CSTR,10,0.8,1,0.1790
CSTR,10,0.8,10,0.1790
CSTR,10,0.8,100,0.1790
CSTR,10,0.8,1000,0.1790
CSTR,10,1.0,0.1,0.1586
CSTR,10,1.0,1,0.1515
CSTR,10,1.0,10,0.1526
CSTR,10,1.0,100,0.1526
CSTR,10,1.0,1000,0.1526
CSTR,20,0.2,0.1,0.4793
CSTR,20,0.2,1,0.4955
CSTR,20,0.2,10,0.4917
CSTR,20,0.2,100,0.4917
CSTR,20,0.2,1000,0.4917
CSTR,20,0.4,0.1,0.5398
CSTR,20,0.4,1,0.5048
CSTR,20,0.4,10,0.5011
CSTR,20,0.4,100,0.5011
CSTR,20,0.4,1000,0.5011
CSTR,20,0.6,0.1,0.5398
CSTR,20,0.6,1,0.5048
CSTR,20,0.6,10,0.5011
CSTR,20,0.6,100,0.5011
CSTR,20,0.6,1000,0.5011
CSTR,20,0.8,0.1,0.4793
CSTR,20,0.8,1,0.4955
CSTR,20,0.8,10,0.4917
CSTR,20,0.8,100,0.4917
CSTR,20,0.8,1000,0.4917
CSTR,20,1.0,0.1,0.4479
CSTR,20,1.0,1,0.4595
CSTR,20,1.0,10,0.4619
CSTR,20,1.0,100,0.4619
CSTR,20,1.0,1000,0.4619
CSTR,30,0.2,0.1,0.3342
CSTR,30,0.2,1,0.3308
CSTR,30,0.2,10,0.3328
CSTR,30,0.2,100,0.3328
CSTR,30,0.2,1000,0.3328
CSTR,30,0.4,0.1,0.3824
CSTR,30,0.4,1,0.3421
CSTR,30,0.4,10,0.3436
CSTR,30,0.4,100,0.3436
CSTR,30,0.4,1000,0.3436
CSTR,30,0.6,0.1,0.3824
CSTR,30,0.6,1,0.3421
CSTR,30,0.6,10,0.3436
CSTR,30,0.6,100,0.3436
CSTR,30,0.6,1000,0.3436
CSTR,30,0.8,0.1,0.3342
CSTR,30,0.8,1,0.3308
CSTR,30,0.8,10,0.3328
CSTR,30,0.8,100,0.3328
CSTR,30,0.8,1000,0.3328
CSTR,30,1.0,0.1,0.2867
CSTR,30,1.0,1,0.3159
CSTR,30,1.0,10,0.3161
CSTR,30,1.0,100,0.3161
CSTR,30,1.0,1000,0.3161
CSTR,5,0.2,0.1,0.0814
CSTR,5,0.2,1,0.0569
CSTR,5,0.2,10,0.0569
CSTR,5,0.2,100,0.0569
CSTR,5,0.2,1000,0.0569
CSTR,5,0.4,0.1,0.1124
CSTR,5,0.4,1,0.0549
CSTR,5,0.4,10,0.0549
CSTR,5,0.4,100,0.0549
CSTR,5,0.4,1000,0.0549
CSTR,5,0.6,0.1,0.1124
CSTR,5,0.6,1,0.0549
CSTR,5,0.6,10,0.0549
CSTR,5,0.6,100,0.0549
CSTR,5,0.6,1000,0.0549
CSTR,5,0.8,0.1,0.0814
CSTR,5,0.8,1,0.0569
CSTR,5,0.8,10,0.0569
CSTR,5,0.8,100,0.0569
CSTR,5,0.8,1000,0.0569
CSTR,5,1.0,0.1,0.0518
CSTR,5,1.0,1,0.0525
CSTR,5,1.0,10,0.0525
CSTR,5,1.0,100,0.0525
CSTR,5,1.0,1000,0.0525
oh0,1,0.2,0.1,0.0066
oh0,1,0.2,1,0.0014
oh0,1,0.2,10,0.0014
oh0,1,0.2,100,0.0014
oh0,1,0.2,1000,0.0014
oh0,1,0.4,0.1,0.0093
oh0,1,0.4,1,0.0014
oh0,1,0.4,10,0.0014
oh0,1,0.4,100,0.0014
oh0,1,0.4,1000,0.0014
oh0,1,0.6,0.1,0.0093
oh0,1,0.6,1,0.0014
oh0,1,0.6,10,0.0014
oh0,1,0.6,100,0.0014
oh0,1,0.6,1000,0.0014
oh0,1,0.8,0.1,0.0066
oh0,1,0.8,1,0.0014
oh0,1,0.8,10,0.0014
oh0,1,0.8,100,0.0014
oh0,1,0.8,1000,0.0014
oh0,1,1.0,0.1,0.0011
oh0,1,1.0,1,0.0014
oh0,1,1.0,10,0.0015
oh0,1,1.0,100,0.0015
oh0,1,1.0,1000,0.0015
oh0,10,0.2,0.1,0.2462
oh0,10,0.2,1,0.0636
oh0,10,0.2,10,0.0644
oh0,10,0.2,100,0.0644
oh0,10,0.2,1000,0.0644
oh0,10,0.4,0.1,0.3625
oh0,10,0.4,1,0.0599
oh0,10,0.4,10,0.0601
oh0,10,0.4,100,0.0601
oh0,10,0.4,1000,0.0601
oh0,10,0.6,0.1,0.3625
oh0,10,0.6,1,0.0599
oh0,10,0.6,10,0.0601
oh0,10,0.6,100,0.0601
oh0,10,0.6,1000,0.0601
oh0,10,0.8,0.1,0.2462
oh0,10,0.8,1,0.0636
oh0,10,0.8,10,0.0644
oh0,10,0.8,100,0.0644
oh0,10,0.8,1000,0.0644
oh0,10,1.0,0.1,0.1271
oh0,10,1.0,1,0.0572
oh0,10,1.0,10,0.0582
oh0,10,1.0,100,0.0582
oh0,10,1.0,1000,0.0582
oh0,20,0.2,0.1,0.4222
oh0,20,0.2,1,0.2121
oh0,20,0.2,10,0.2121
oh0,20,0.2,100,0.2121
oh0,20,0.2,1000,0.2121
oh0,20,0.4,0.1,0.4997
oh0,20,0.4,1,0.2042
oh0,20,0.4,10,0.2041
oh0,20,0.4,100,0.2041
oh0,20,0.4,1000,0.2041
oh0,20,0.6,0.1,0.4997
oh0,20,0.6,1,0.2042
oh0,20,0.6,10,0.2041
oh0,20,0.6,100,0.2041
oh0,20,0.6,1000,0.2041
oh0,20,0.8,0.1,0.4222
oh0,20,0.8,1,0.2121
oh0,20,0.8,10,0.2121
oh0,20,0.8,100,0.2121
oh0,20,0.8,1000,0.2121
oh0,20,1.0,0.1,0.3167
oh0,20,1.0,1,0.2040
oh0,20,1.0,10,0.2042
oh0,20,1.0,100,0.2042
oh0,20,1.0,1000,0.2042
oh0,30,0.2,0.1,0.5256
oh0,30,0.2,1,0.3910
oh0,30,0.2,10,0.3919
oh0,30,0.2,100,0.3919
oh0,30,0.2,1000,0.3919
oh0,30,0.4,0.1,0.5761
oh0,30,0.4,1,0.3809
oh0,30,0.4,10,0.3812
oh0,30,0.4,100,0.3812
oh0,30,0.4,1000,0.3812
oh0,30,0.6,0.1,0.5761
oh0,30,0.6,1,0.3809
oh0,30,0.6,10,0.3812
oh0,30,0.6,100,0.3812
oh0,30,0.6,1000,0.3812
oh0,30,0.8,0.1,0.5256
oh0,30,0.8,1,0.3910
oh0,30,0.8,10,0.3919
oh0,30,0.8,100,0.3919
oh0,30,0.8,1000,0.3919
oh0,30,1.0,0.1,0.4711
oh0,30,1.0,1,0.3843
oh0,30,1.0,10,0.3852
oh0,30,1.0,100,0.3852
oh0,30,1.0,1000,0.3852
oh0,5,0.2,0.1,0.0946
oh0,5,0.2,1,0.0219
oh0,5,0.2,10,0.0220
oh0,5,0.2,100,0.0220
oh0,5,0.2,1000,0.0220
oh0,5,0.4,0.1,0.1730
oh0,5,0.4,1,0.0181
oh0,5,0.4,10,0.0181
oh0,5,0.4,100,0.0181
oh0,5,0.4,1000,0.0181
oh0,5,0.6,0.1,0.1730
oh0,5,0.6,1,0.0181
oh0,5,0.6,10,0.0181
oh0,5,0.6,100,0.0181
oh0,5,0.6,1000,0.0181
oh0,5,0.8,0.1,0.0946
oh0,5,0.8,1,0.0219
oh0,5,0.8,10,0.0220
oh0,5,0.8,100,0.0220
oh0,5,0.8,1000,0.0220
oh0,5,1.0,0.1,0.0262
oh0,5,1.0,1,0.0167
oh0,5,1.0,10,0.0168
oh0,5,1.0,100,0.0168
oh0,5,1.0,1000,0.0168
oh5,1,0.2,0.1,0.0015
oh5,1,0.2,1,0.0016
oh5,1,0.2,10,0.0016
oh5,1,0.2,100,0.0016
oh5,1,0.2,1000,0.0016
oh5,1,0.4,0.1,0.0085
oh5,1,0.4,1,0.0012
oh5,1,0.4,10,0.0012
oh5,1,0.4,100,0.0012
oh5,1,0.4,1000,0.0012
oh5,1,0.6,0.1,0.0085
oh5,1,0.6,1,0.0012
oh5,1,0.6,10,0.0012
oh5,1,0.6,100,0.0012
oh5,1,0.6,1000,0.0012
oh5,1,0.8,0.1,0.0015
oh5,1,0.8,1,0.0016
oh5,1,0.8,10,0.0016
oh5,1,0.8,100,0.0016
oh5,1,0.8,1000,0.0016
oh5,1,1.0,0.1,0.0000
oh5,1,1.0,1,0.0018
oh5,1,1.0,10,0.0018
oh5,1,1.0,100,0.0018
oh5,1,1.0,1000,0.0018
oh5,10,0.2,0.1,0.1850
oh5,10,0.2,1,0.0641
oh5,10,0.2,10,0.0641
oh5,10,0.2,100,0.0641
oh5,10,0.2,1000,0.0641
oh5,10,0.4,0.1,0.2964
oh5,10,0.4,1,0.0623
oh5,10,0.4,10,0.0623
oh5,10,0.4,100,0.0623
oh5,10,0.4,1000,0.0623
oh5,10,0.6,0.1,0.2964
oh5,10,0.6,1,0.0623
oh5,10,0.6,10,0.0623
oh5,10,0.6,100,0.0623
oh5,10,0.6,1000,0.0623
oh5,10,0.8,0.1,0.1850
oh5,10,0.8,1,0.0641
oh5,10,0.8,10,0.0641
oh5,10,0.8,100,0.0641
oh5,10,0.8,1000,0.0641
oh5,10,1.0,0.1,0.0851
oh5,10,1.0,1,0.0605
oh5,10,1.0,10,0.0605
oh5,10,1.0,100,0.0605
oh5,10,1.0,1000,0.0605
oh5,20,0.2,0.1,0.3879
oh5,20,0.2,1,0.2153
oh5,20,0.2,10,0.2157
oh5,20,0.2,100,0.2157
oh5,20,0.2,1000,0.2157
oh5,20,0.4,0.1,0.4945
oh5,20,0.4,1,0.2162
oh5,20,0.4,10,0.2168
oh5,20,0.4,100,0.2168
oh5,20,0.4,1000,0.2168
oh5,20,0.6,0.1,0.4945
oh5,20,0.6,1,0.2162
oh5,20,0.6,10,0.2168
oh5,20,0.6,100,0.2168
oh5,20,0.6,1000,0.2168
oh5,20,0.8,0.1,0.3879
oh5,20,0.8,1,0.2153
oh5,20,0.8,10,0.2157
oh5,20,0.8,100,0.2157
oh5,20,0.8,1000,0.2157
oh5,20,1.0,0.1,0.2922
oh5,20,1.0,1,0.2072
oh5,20,1.0,10,0.2078
oh5,20,1.0,100,0.2078
oh5,20,1.0,1000,0.2078
oh5,30,0.2,0.1,0.5111
oh5,30,0.2,1,0.3771
oh5,30,0.2,10,0.3788
oh5,30,0.2,100,0.3788
oh5,30,0.2,1000,0.3788
oh5,30,0.4,0.1,0.5716
oh5,30,0.4,1,0.3753
oh5,30,0.4,10,0.3765
oh5,30,0.4,100,0.3765
oh5,30,0.4,1000,0.3765
oh5,30,0.6,0.1,0.5716
oh5,30,0.6,1,0.3753
oh5,30,0.6,10,0.3765
oh5,30,0.6,100,0.3765
oh5,30,0.6,1000,0.3765
oh5,30,0.8,0.1,0.5111
oh5,30,0.8,1,0.3771
oh5,30,0.8,10,0.3788
oh5,30,0.8,100,0.3788
oh5,30,0.8,1000,0.3788
oh5,30,1.0,0.1,0.4432
oh5,30,1.0,1,0.3763
oh5,30,1.0,10,0.3772
oh5,30,1.0,100,0.3772
oh5,30,1.0,1000,0.3772
oh5,5,0.2,0.1,0.0535
oh5,5,0.2,1,0.0230
oh5,5,0.2,10,0.0230
oh5,5,0.2,100,0.0230
oh5,5,0.2,1000,0.0230
oh5,5,0.4,0.1,0.1234
oh5,5,0.4,1,0.0215
oh5,5,0.4,10,0.0215
oh5,5,0.4,100,0.0215
oh5,5,0.4,1000,0.0215
oh5,5,0.6,0.1,0.1234
oh5,5,0.6,1,0.0215
oh5,5,0.6,10,0.0215
oh5,5,0.6,100,0.0215
oh5,5,0.6,1000,0.0215
oh5,5,0.8,0.1,0.0535
oh5,5,0.8,1,0.0230
oh5,5,0.8,10,0.0230
oh5,5,0.8,100,0.0230
oh5,5,0.8,1000,0.0230
oh5,5,1.0,0.1,0.0128
oh5,5,1.0,1,0.0215
oh5,5,1.0,10,0.0215
oh5,5,1.0,100,0.0215
oh5,5,1.0,1000,0.0215
oh10,1,0.2,0.1,0.0021
oh10,1,0.2,1,0.0013
oh10,1,0.2,10,0.0013
oh10,1,0.2,100,0.0013
oh10,1,0.2,1000,0.0013
oh10,1,0.4,0.1,0.0050
oh10,1,0.4,1,0.0009
oh10,1,0.4,10,0.0009
oh10,1,0.4,100,0.0009
oh10,1,0.4,1000,0.0009
oh10,1,0.6,0.1,0.0050
oh10,1,0.6,1,0.0009
oh10,1,0.6,10,0.0009
oh10,1,0.6,100,0.0009
oh10,1,0.6,1000,0.0009
oh10,1,0.8,0.1,0.0021
oh10,1,0.8,1,0.0013
oh10,1,0.8,10,0.0013
oh10,1,0.8,100,0.0013
oh10,1,0.8,1000,0.0013
oh10,1,1.0,0.1,0.0004
oh10,1,1.0,1,0.0014
oh10,1,1.0,10,0.0014
oh10,1,1.0,100,0.0014
oh10,1,1.0,1000,0.0014
oh10,10,0.2,0.1,0.1683
oh10,10,0.2,1,0.0446
oh10,10,0.2,10,0.0432
oh10,10,0.2,100,0.0432
oh10,10,0.2,1000,0.0432
oh10,10,0.4,0.1,0.2726
oh10,10,0.4,1,0.0458
oh10,10,0.4,10,0.0462
oh10,10,0.4,100,0.0462
oh10,10,0.4,1000,0.0462
oh10,10,0.6,0.1,0.2726
oh10,10,0.6,1,0.0458
oh10,10,0.6,10,0.0462
oh10,10,0.6,100,0.0462
oh10,10,0.6,1000,0.0462
oh10,10,0.8,0.1,0.1683
oh10,10,0.8,1,0.0446
oh10,10,0.8,10,0.0432
oh10,10,0.8,100,0.0432
oh10,10,0.8,1000,0.0432
oh10,10,1.0,0.1,0.0552
oh10,10,1.0,1,0.0379
oh10,10,1.0,10,0.0383
oh10,10,1.0,100,0.0383
oh10,10,1.0,1000,0.0383
oh10,20,0.2,0.1,0.3453
oh10,20,0.2,1,0.1582
oh10,20,0.2,10,0.1587
oh10,20,0.2,100,0.1587
oh10,20,0.2,1000,0.1587
oh10,20,0.4,0.1,0.4445
oh10,20,0.4,1,0.1618
oh10,20,0.4,10,0.1622
oh10,20,0.4,100,0.1622
oh10,20,0.4,1000,0.1622
oh10,20,0.6,0.1,0.4445
oh10,20,0.6,1,0.1618
oh10,20,0.6,10,0.1622
oh10,20,0.6,100,0.1622
oh10,20,0.6,1000,0.1622
oh10,20,0.8,0.1,0.3453
oh10,20,0.8,1,0.1582
oh10,20,0.8,10,0.1587
oh10,20,0.8,100,0.1587
oh10,20,0.8,1000,0.1587
oh10,20,1.0,0.1,0.2588
oh10,20,1.0,1,0.1521
oh10,20,1.0,10,0.1531
oh10,20,1.0,100,0.1531
oh10,20,1.0,1000,0.1531
oh10,30,0.2,0.1,0.4639
oh10,30,0.2,1,0.2843
oh10,30,0.2,10,0.2884
oh10,30,0.2,100,0.2884
oh10,30,0.2,1000,0.2884
oh10,30,0.4,0.1,0.5400
oh10,30,0.4,1,0.2847
oh10,30,0.4,10,0.2854
oh10,30,0.4,100,0.2854
oh10,30,0.4,1000,0.2854
oh10,30,0.6,0.1,0.5400
oh10,30,0.6,1,0.2847
oh10,30,0.6,10,0.2854
oh10,30,0.6,100,0.2854
oh10,30,0.6,1000,0.2854
oh10,30,0.8,0.1,0.4639
oh10,30,0.8,1,0.2843
oh10,30,0.8,10,0.2884
oh10,30,0.8,100,0.2884
oh10,30,0.8,1000,0.2884
oh10,30,1.0,0.1,0.3956
oh10,30,1.0,1,0.2785
oh10,30,1.0,10,0.2790
oh10,30,1.0,100,0.2790
oh10,30,1.0,1000,0.2790
oh10,5,0.2,0.1,0.0473
oh10,5,0.2,1,0.0139
oh10,5,0.2,10,0.0139
oh10,5,0.2,100,0.0139
oh10,5,0.2,1000,0.0139
oh10,5,0.4,0.1,0.1072
oh10,5,0.4,1,0.0138
oh10,5,0.4,10,0.0139
oh10,5,0.4,100,0.0139
oh10,5,0.4,1000,0.0139
oh10,5,0.6,0.1,0.1072
oh10,5,0.6,1,0.0138
oh10,5,0.6,10,0.0139
oh10,5,0.6,100,0.0139
oh10,5,0.6,1000,0.0139
oh10,5,0.8,0.1,0.0473
oh10,5,0.8,1,0.0139
oh10,5,0.8,10,0.0139
oh10,5,0.8,100,0.0139
oh10,5,0.8,1000,0.0139
oh10,5,1.0,0.1,0.0080
oh10,5,1.0,1,0.0112
oh10,5,1.0,10,0.0116
oh10,5,1.0,100,0.0116
oh10,5,1.0,1000,0.0116
oh15,1,0.2,0.1,0.0028
oh15,1,0.2,1,0.0010
oh15,1,0.2,10,0.0010
oh15,1,0.2,100,0.0010
oh15,1,0.2,1000,0.0010
oh15,1,0.4,0.1,0.0047
oh15,1,0.4,1,0.0010
oh15,1,0.4,10,0.0010
oh15,1,0.4,100,0.0010
oh15,1,0.4,1000,0.0010
oh15,1,0.6,0.1,0.0047
oh15,1,0.6,1,0.0010
oh15,1,0.6,10,0.0010
oh15,1,0.6,100,0.0010
oh15,1,0.6,1000,0.0010
oh15,1,0.8,0.1,0.0028
oh15,1,0.8,1,0.0010
oh15,1,0.8,10,0.0010
oh15,1,0.8,100,0.0010
oh15,1,0.8,1000,0.0010
oh15,1,1.0,0.1,0.0008
oh15,1,1.0,1,0.0014
oh15,1,1.0,10,0.0014
oh15,1,1.0,100,0.0014
oh15,1,1.0,1000,0.0014
oh15,10,0.2,0.1,0.1190
oh15,10,0.2,1,0.0416
oh15,10,0.2,10,0.0416
oh15,10,0.2,100,0.0416
oh15,10,0.2,1000,0.0416
oh15,10,0.4,0.1,0.2563
oh15,10,0.4,1,0.0429
oh15,10,0.4,10,0.0429
oh15,10,0.4,100,0.0429
oh15,10,0.4,1000,0.0429
oh15,10,0.6,0.1,0.2563
oh15,10,0.6,1,0.0429
oh15,10,0.6,10,0.0429
oh15,10,0.6,100,0.0429
oh15,10,0.6,1000,0.0429
oh15,10,0.8,0.1,0.1190
oh15,10,0.8,1,0.0416
oh15,10,0.8,10,0.0416
oh15,10,0.8,100,0.0416
oh15,10,0.8,1000,0.0416
oh15,10,1.0,0.1,0.0476
oh15,10,1.0,1,0.0388
oh15,10,1.0,10,0.0388
oh15,10,1.0,100,0.0388
oh15,10,1.0,1000,0.0388
oh15,20,0.2,0.1,0.3083
oh15,20,0.2,1,0.1504
oh15,20,0.2,10,0.1504
oh15,20,0.2,100,0.1504
oh15,20,0.2,1000,0.1504
oh15,20,0.4,0.1,0.4395
oh15,20,0.4,1,0.1432
oh15,20,0.4,10,0.1432
oh15,20,0.4,100,0.1432
oh15,20,0.4,1000,0.1432
oh15,20,0.6,0.1,0.4395
oh15,20,0.6,1,0.1432
oh15,20,0.6,10,0.1432
oh15,20,0.6,100,0.1432
oh15,20,0.6,1000,0.1432
oh15,20,0.8,0.1,0.3083
oh15,20,0.8,1,0.1504
oh15,20,0.8,10,0.1504
oh15,20,0.8,100,0.1504
oh15,20,0.8,1000,0.1504
oh15,20,1.0,0.1,0.1972
oh15,20,1.0,1,0.1426
oh15,20,1.0,10,0.1426
oh15,20,1.0,100,0.1426
oh15,20,1.0,1000,0.1426
oh15,30,0.2,0.1,0.4607
oh15,30,0.2,1,0.3255
oh15,30,0.2,10,0.3255
oh15,30,0.2,100,0.3255
oh15,30,0.2,1000,0.3255
oh15,30,0.4,0.1,0.5356
oh15,30,0.4,1,0.3240
oh15,30,0.4,10,0.3240
oh15,30,0.4,100,0.3240
oh15,30,0.4,1000,0.3240
oh15,30,0.6,0.1,0.5356
oh15,30,0.6,1,0.3240
oh15,30,0.6,10,0.3240
oh15,30,0.6,100,0.3240
oh15,30,0.6,1000,0.3240
oh15,30,0.8,0.1,0.4607
oh15,30,0.8,1,0.3255
oh15,30,0.8,10,0.3255
oh15,30,0.8,100,0.3255
oh15,30,0.8,1000,0.3255
oh15,30,1.0,0.1,0.3691
oh15,30,1.0,1,0.3228
oh15,30,1.0,10,0.3228
oh15,30,1.0,100,0.3228
oh15,30,1.0,1000,0.3228
oh15,5,0.2,0.1,0.0302
oh15,5,0.2,1,0.0143
oh15,5,0.2,10,0.0143
oh15,5,0.2,100,0.0143
oh15,5,0.2,1000,0.0143
oh15,5,0.4,0.1,0.0938
oh15,5,0.4,1,0.0143
oh15,5,0.4,10,0.0143
oh15,5,0.4,100,0.0143
oh15,5,0.4,1000,0.0143
oh15,5,0.6,0.1,0.0938
oh15,5,0.6,1,0.0143
oh15,5,0.6,10,0.0143
oh15,5,0.6,100,0.0143
oh15,5,0.6,1000,0.0143
oh15,5,0.8,0.1,0.0302
oh15,5,0.8,1,0.0143
oh15,5,0.8,10,0.0143
oh15,5,0.8,100,0.0143
oh15,5,0.8,1000,0.0143
oh15,5,1.0,0.1,0.0089
oh15,5,1.0,1,0.0125
oh15,5,1.0,10,0.0125
oh15,5,1.0,100,0.0125
oh15,5,1.0,1000,0.0125
re0,1,0.2,0.1,0.0073
re0,1,0.2,1,0.1109
re0,1,0.2,10,0.0724
re0,1,0.2,100,0.0689
re0,1,0.2,1000,0.0689
re0,1,0.4,0.1,0.0203
re0,1,0.4,1,0.1241
re0,1,0.4,10,0.0717
re0,1,0.4,100,0.0678
re0,1,0.4,1000,0.0678
re0,1,0.6,0.1,0.0203
re0,1,0.6,1,0.1241
re0,1,0.6,10,0.0717
re0,1,0.6,100,0.0678
re0,1,0.6,1000,0.0678
re0,1,0.8,0.1,0.0073
re0,1,0.8,1,0.1109
re0,1,0.8,10,0.0724
re0,1,0.8,100,0.0689
re0,1,0.8,1000,0.0689
re0,1,1.0,0.1,0.0036
re0,1,1.0,1,0.0547
re0,1,1.0,10,0.0609
re0,1,1.0,100,0.0650
re0,1,1.0,1000,0.0650
re0,10,0.2,0.1,0.2261
re0,10,0.2,1,0.4463
re0,10,0.2,10,0.4745
re0,10,0.2,100,0.4814
re0,10,0.2,1000,0.4814
re0,10,0.4,0.1,0.3161
re0,10,0.4,1,0.4325
re0,10,0.4,10,0.4447
re0,10,0.4,100,0.4264
re0,10,0.4,1000,0.4264
re0,10,0.6,0.1,0.3161
re0,10,0.6,1,0.4325
re0,10,0.6,10,0.4447
re0,10,0.6,100,0.4264
re0,10,0.6,1000,0.4264
re0,10,0.8,0.1,0.2261
re0,10,0.8,1,0.4463
re0,10,0.8,10,0.4745
re0,10,0.8,100,0.4814
re0,10,0.8,1000,0.4814
re0,10,1.0,0.1,0.1633
re0,10,1.0,1,0.4009
re0,10,1.0,10,0.5155
re0,10,1.0,100,0.5249
re0,10,1.0,1000,0.5249
re0,20,0.2,0.1,0.1813
re0,20,0.2,1,0.3519
re0,20,0.2,10,0.3481
re0,20,0.2,100,0.3595
re0,20,0.2,1000,0.3595
re0,20,0.4,0.1,0.2640
re0,20,0.4,1,0.3404
re0,20,0.4,10,0.3224
re0,20,0.4,100,0.3347
re0,20,0.4,1000,0.3350
re0,20,0.6,0.1,0.2640
re0,20,0.6,1,0.3404
re0,20,0.6,10,0.3224
re0,20,0.6,100,0.3347
re0,20,0.6,1000,0.3350
re0,20,0.8,0.1,0.1813
re0,20,0.8,1,0.3519
re0,20,0.8,10,0.3481
re0,20,0.8,100,0.3595
re0,20,0.8,1000,0.3595
re0,20,1.0,0.1,0.1246
re0,20,1.0,1,0.3245
re0,20,1.0,10,0.3675
re0,20,1.0,100,0.3827
re0,20,1.0,1000,0.3828
re0,30,0.2,0.1,0.2542
re0,30,0.2,1,0.3651
re0,30,0.2,10,0.3676
re0,30,0.2,100,0.3801
re0,30,0.2,1000,0.3800
re0,30,0.4,0.1,0.2935
re0,30,0.4,1,0.3341
re0,30,0.4,10,0.3382
re0,30,0.4,100,0.3547
re0,30,0.4,1000,0.3547
re0,30,0.6,0.1,0.2935
re0,30,0.6,1,0.3341
re0,30,0.6,10,0.3382
re0,30,0.6,100,0.3547
re0,30,0.6,1000,0.3547
re0,30,0.8,0.1,0.2542
re0,30,0.8,1,0.3651
re0,30,0.8,10,0.3676
re0,30,0.8,100,0.3801
re0,30,0.8,1000,0.3800
re0,30,1.0,0.1,0.1864
re0,30,1.0,1,0.3771
re0,30,1.0,10,0.3953
re0,30,1.0,100,0.4085
re0,30,1.0,1000,0.4082
re0,5,0.2,0.1,0.0861
re0,5,0.2,1,0.3278
re0,5,0.2,10,0.3273
re0,5,0.2,100,0.3108
re0,5,0.2,1000,0.3108
re0,5,0.4,0.1,0.1760
re0,5,0.4,1,0.3629
re0,5,0.4,10,0.3115
re0,5,0.4,100,0.2957
re0,5,0.4,1000,0.2957
re0,5,0.6,0.1,0.1760
re0,5,0.6,1,0.3629
re0,5,0.6,10,0.3115
re0,5,0.6,100,0.2957
re0,5,0.6,1000,0.2957
re0,5,0.8,0.1,0.0861
re0,5,0.8,1,0.3278
re0,5,0.8,10,0.3273
re0,5,0.8,100,0.3108
re0,5,0.8,1000,0.3108
re0,5,1.0,0.1,0.0434
re0,5,1.0,1,0.2738
re0,5,1.0,10,0.3549
re0,5,1.0,100,0.3601
re0,5,1.0,1000,0.3601
re1,1,0.2,0.1,0.0224
re1,1,0.2,1,0.0710
re1,1,0.2,10,0.0549
re1,1,0.2,100,0.0549
re1,1,0.2,1000,0.0549
re1,1,0.4,0.1,0.0468
re1,1,0.4,1,0.0827
re1,1,0.4,10,0.0512
re1,1,0.4,100,0.0516
re1,1,0.4,1000,0.0516
re1,1,0.6,0.1,0.0468
re1,1,0.6,1,0.0827
re1,1,0.6,10,0.0512
re1,1,0.6,100,0.0516
re1,1,0.6,1000,0.0516
re1,1,0.8,0.1,0.0224
re1,1,0.8,1,0.0710
re1,1,0.8,10,0.0549
re1,1,0.8,100,0.0549
re1,1,0.8,1000,0.0549
re1,1,1.0,0.1,0.0118
re1,1,1.0,1,0.0450
re1,1,1.0,10,0.0543
re1,1,1.0,100,0.0544
re1,1,1.0,1000,0.0544
re1,10,0.2,0.1,0.1938
re1,10,0.2,1,0.3558
re1,10,0.2,10,0.3264
re1,10,0.2,100,0.3275
re1,10,0.2,1000,0.3275
re1,10,0.4,0.1,0.2707
re1,10,0.4,1,0.3546
re1,10,0.4,10,0.3081
re1,10,0.4,100,0.3081
re1,10,0.4,1000,0.3081
re1,10,0.6,0.1,0.2707
re1,10,0.6,1,0.3546
re1,10,0.6,10,0.3081
re1,10,0.6,100,0.3081
re1,10,0.6,1000,0.3081
re1,10,0.8,0.1,0.1938
re1,10,0.8,1,0.3558
re1,10,0.8,10,0.3264
re1,10,0.8,100,0.3275
re1,10,0.8,1000,0.3275
re1,10,1.0,0.1,0.1459
re1,10,1.0,1,0.3393
re1,10,1.0,10,0.3427
re1,10,1.0,100,0.3423
re1,10,1.0,1000,0.3423
re1,20,0.2,0.1,0.2007
re1,20,0.2,1,0.2813
re1,20,0.2,10,0.2724
re1,20,0.2,100,0.2748
re1,20,0.2,1000,0.2748
re1,20,0.4,0.1,0.2462
re1,20,0.4,1,0.2866
re1,20,0.4,10,0.2626
re1,20,0.4,100,0.2618
re1,20,0.4,1000,0.2618
re1,20,0.6,0.1,0.2462
re1,20,0.6,1,0.2866
re1,20,0.6,10,0.2626
re1,20,0.6,100,0.2618
re1,20,0.6,1000,0.2618
re1,20,0.8,0.1,0.2007
re1,20,0.8,1,0.2813
re1,20,0.8,10,0.2724
re1,20,0.8,100,0.2748
re1,20,0.8,1000,0.2748
re1,20,1.0,0.1,0.1681
re1,20,1.0,1,0.2755
re1,20,1.0,10,0.2784
re1,20,1.0,100,0.2788
re1,20,1.0,1000,0.2788
re1,30,0.2,0.1,0.2280
re1,30,0.2,1,0.3050
re1,30,0.2,10,0.3073
re1,30,0.2,100,0.3065
re1,30,0.2,1000,0.3065
re1,30,0.4,0.1,0.2451
re1,30,0.4,1,0.2930
re1,30,0.4,10,0.2822
re1,30,0.4,100,0.2791
re1,30,0.4,1000,0.2791
re1,30,0.6,0.1,0.2451
re1,30,0.6,1,0.2930
re1,30,0.6,10,0.2822
re1,30,0.6,100,0.2791
re1,30,0.6,1000,0.2791
re1,30,0.8,0.1,0.2280
re1,30,0.8,1,0.3050
re1,30,0.8,10,0.3073
re1,30,0.8,100,0.3065
re1,30,0.8,1000,0.3065
re1,30,1.0,0.1,0.1959
re1,30,1.0,1,0.3106
re1,30,1.0,10,0.3230
re1,30,1.0,100,0.3244
re1,30,1.0,1000,0.3244
re1,5,0.2,0.1,0.1163
re1,5,0.2,1,0.2239
re1,5,0.2,10,0.2001
re1,5,0.2,100,0.2001
re1,5,0.2,1000,0.2001
re1,5,0.4,0.1,0.1910
re1,5,0.4,1,0.2321
re1,5,0.4,10,0.1941
re1,5,0.4,100,0.1941
re1,5,0.4,1000,0.1941
re1,5,0.6,0.1,0.1910
re1,5,0.6,1,0.2321
re1,5,0.6,10,0.1941
re1,5,0.6,100,0.1941
re1,5,0.6,1000,0.1941
re1,5,0.8,0.1,0.1163
re1,5,0.8,1,0.2239
re1,5,0.8,10,0.2001
re1,5,0.8,100,0.2001
re1,5,0.8,1000,0.2001
re1,5,1.0,0.1,0.0727
re1,5,1.0,1,0.2050
re1,5,1.0,10,0.2034
re1,5,1.0,100,0.2060
re1,5,1.0,1000,0.2060
SyskillWebert,1,0.2,0.1,0.3971
SyskillWebert,1,0.2,1,0.3971
SyskillWebert,1,0.2,10,0.3971
SyskillWebert,1,0.2,100,0.3971
SyskillWebert,1,0.2,1000,0.3971
SyskillWebert,1,0.4,0.1,0.3971
SyskillWebert,1,0.4,1,0.3971
SyskillWebert,1,0.4,10,0.3971
SyskillWebert,1,0.4,100,0.3971
SyskillWebert,1,0.4,1000,0.3971
SyskillWebert,1,0.6,0.1,0.3971
SyskillWebert,1,0.6,1,0.3971
SyskillWebert,1,0.6,10,0.3971
SyskillWebert,1,0.6,100,0.3971
SyskillWebert,1,0.6,1000,0.3971
SyskillWebert,1,0.8,0.1,0.3971
SyskillWebert,1,0.8,1,0.3971
SyskillWebert,1,0.8,10,0.3971
SyskillWebert,1,0.8,100,0.3971
SyskillWebert,1,0.8,1000,0.3971
SyskillWebert,1,1.0,0.1,0.3971
SyskillWebert,1,1.0,1,0.3971
SyskillWebert,1,1.0,10,0.3971
SyskillWebert,1,1.0,100,0.3971
SyskillWebert,1,1.0,1000,0.3971
SyskillWebert,10,0.2,0.1,0.3698
SyskillWebert,10,0.2,1,0.3698
SyskillWebert,10,0.2,10,0.3698
SyskillWebert,10,0.2,100,0.3698
SyskillWebert,10,0.2,1000,0.3698
SyskillWebert,10,0.4,0.1,0.3698
SyskillWebert,10,0.4,1,0.3698
SyskillWebert,10,0.4,10,0.3698
SyskillWebert,10,0.4,100,0.3698
SyskillWebert,10,0.4,1000,0.3698
SyskillWebert,10,0.6,0.1,0.3698
SyskillWebert,10,0.6,1,0.3698
SyskillWebert,10,0.6,10,0.3698
SyskillWebert,10,0.6,100,0.3698
SyskillWebert,10,0.6,1000,0.3698
SyskillWebert,10,0.8,0.1,0.3698
SyskillWebert,10,0.8,1,0.3698
SyskillWebert,10,0.8,10,0.3698
SyskillWebert,10,0.8,100,0.3698
SyskillWebert,10,0.8,1000,0.3698
SyskillWebert,10,1.0,0.1,0.3698
SyskillWebert,10,1.0,1,0.3698
SyskillWebert,10,1.0,10,0.3698
SyskillWebert,10,1.0,100,0.3698
SyskillWebert,10,1.0,1000,0.3698
SyskillWebert,20,0.2,0.1,0.3364
SyskillWebert,20,0.2,1,0.3364
SyskillWebert,20,0.2,10,0.3364
SyskillWebert,20,0.2,100,0.3364
SyskillWebert,20,0.2,1000,0.3364
SyskillWebert,20,0.4,0.1,0.3364
SyskillWebert,20,0.4,1,0.3364
SyskillWebert,20,0.4,10,0.3364
SyskillWebert,20,0.4,100,0.3364
SyskillWebert,20,0.4,1000,0.3364
SyskillWebert,20,0.6,0.1,0.3364
SyskillWebert,20,0.6,1,0.3364
SyskillWebert,20,0.6,10,0.3364
SyskillWebert,20,0.6,100,0.3364
SyskillWebert,20,0.6,1000,0.3364
SyskillWebert,20,0.8,0.1,0.3364
SyskillWebert,20,0.8,1,0.3364
SyskillWebert,20,0.8,10,0.3364
SyskillWebert,20,0.8,100,0.3364
SyskillWebert,20,0.8,1000,0.3364
SyskillWebert,20,1.0,0.1,0.3364
SyskillWebert,20,1.0,1,0.3364
SyskillWebert,20,1.0,10,0.3364
SyskillWebert,20,1.0,100,0.3364
SyskillWebert,20,1.0,1000,0.3364
SyskillWebert,30,0.2,0.1,0.2993
SyskillWebert,30,0.2,1,0.2993
SyskillWebert,30,0.2,10,0.2993
SyskillWebert,30,0.2,100,0.2993
SyskillWebert,30,0.2,1000,0.2993
SyskillWebert,30,0.4,0.1,0.2993
SyskillWebert,30,0.4,1,0.2993
SyskillWebert,30,0.4,10,0.2993
SyskillWebert,30,0.4,100,0.2993
SyskillWebert,30,0.4,1000,0.2993
SyskillWebert,30,0.6,0.1,0.2993
SyskillWebert,30,0.6,1,0.2993
SyskillWebert,30,0.6,10,0.2993
SyskillWebert,30,0.6,100,0.2993
SyskillWebert,30,0.6,1000,0.2993
SyskillWebert,30,0.8,0.1,0.2993
SyskillWebert,30,0.8,1,0.2993
SyskillWebert,30,0.8,10,0.2993
SyskillWebert,30,0.8,100,0.2993
SyskillWebert,30,0.8,1000,0.2993
SyskillWebert,30,1.0,0.1,0.2993
SyskillWebert,30,1.0,1,0.2993
SyskillWebert,30,1.0,10,0.2993
SyskillWebert,30,1.0,100,0.2993
SyskillWebert,30,1.0,1000,0.2993
SyskillWebert,5,0.2,0.1,0.3853
SyskillWebert,5,0.2,1,0.3853
SyskillWebert,5,0.2,10,0.3853
SyskillWebert,5,0.2,100,0.3853
SyskillWebert,5,0.2,1000,0.3853
SyskillWebert,5,0.4,0.1,0.3853
SyskillWebert,5,0.4,1,0.3853
SyskillWebert,5,0.4,10,0.3853
SyskillWebert,5,0.4,100,0.3853
SyskillWebert,5,0.4,1000,0.3853
SyskillWebert,5,0.6,0.1,0.3853
SyskillWebert,5,0.6,1,0.3853
SyskillWebert,5,0.6,10,0.3853
SyskillWebert,5,0.6,100,0.3853
SyskillWebert,5,0.6,1000,0.3853
SyskillWebert,5,0.8,0.1,0.3853
SyskillWebert,5,0.8,1,0.3853
SyskillWebert,5,0.8,10,0.3853
SyskillWebert,5,0.8,100,0.3853
SyskillWebert,5,0.8,1000,0.3853
SyskillWebert,5,1.0,0.1,0.3853
SyskillWebert,5,1.0,1,0.3853
SyskillWebert,5,1.0,10,0.3853
SyskillWebert,5,1.0,100,0.3853
SyskillWebert,5,1.0,1000,0.3853
tr11,1,0.2,0.1,0.0475
tr11,1,0.2,1,0.0348
tr11,1,0.2,10,0.0308
tr11,1,0.2,100,0.0308
tr11,1,0.2,1000,0.0308
tr11,1,0.4,0.1,0.0602
tr11,1,0.4,1,0.0351
tr11,1,0.4,10,0.0351
tr11,1,0.4,100,0.0351
tr11,1,0.4,1000,0.0351
tr11,1,0.6,0.1,0.0602
tr11,1,0.6,1,0.0351
tr11,1,0.6,10,0.0351
tr11,1,0.6,100,0.0351
tr11,1,0.6,1000,0.0351
tr11,1,0.8,0.1,0.0475
tr11,1,0.8,1,0.0348
tr11,1,0.8,10,0.0308
tr11,1,0.8,100,0.0308
tr11,1,0.8,1000,0.0308
tr11,1,1.0,0.1,0.0165
tr11,1,1.0,1,0.0264
tr11,1,1.0,10,0.0264
tr11,1,1.0,100,0.0264
tr11,1,1.0,1000,0.0264
tr11,10,0.2,0.1,0.2889
tr11,10,0.2,1,0.3201
tr11,10,0.2,10,0.3197
tr11,10,0.2,100,0.3197
tr11,10,0.2,1000,0.3197
tr11,10,0.4,0.1,0.3683
tr11,10,0.4,1,0.3070
tr11,10,0.4,10,0.3088
tr11,10,0.4,100,0.3088
tr11,10,0.4,1000,0.3088
tr11,10,0.6,0.1,0.3683
tr11,10,0.6,1,0.3070
tr11,10,0.6,10,0.3088
tr11,10,0.6,100,0.3088
tr11,10,0.6,1000,0.3088
tr11,10,0.8,0.1,0.2889
tr11,10,0.8,1,0.3201
tr11,10,0.8,10,0.3197
tr11,10,0.8,100,0.3197
tr11,10,0.8,1000,0.3197
tr11,10,1.0,0.1,0.2039
tr11,10,1.0,1,0.2983
tr11,10,1.0,10,0.2992
tr11,10,1.0,100,0.2992
tr11,10,1.0,1000,0.2992
tr11,20,0.2,0.1,0.2948
tr11,20,0.2,1,0.3019
tr11,20,0.2,10,0.3064
tr11,20,0.2,100,0.3065
tr11,20,0.2,1000,0.3061
tr11,20,0.4,0.1,0.3495
tr11,20,0.4,1,0.2951
tr11,20,0.4,10,0.3020
tr11,20,0.4,100,0.3020
tr11,20,0.4,1000,0.3020
tr11,20,0.6,0.1,0.3495
tr11,20,0.6,1,0.2951
tr11,20,0.6,10,0.3020
tr11,20,0.6,100,0.3020
tr11,20,0.6,1000,0.3020
tr11,20,0.8,0.1,0.2948
tr11,20,0.8,1,0.3019
tr11,20,0.8,10,0.3064
tr11,20,0.8,100,0.3065
tr11,20,0.8,1000,0.3061
tr11,20,1.0,0.1,0.2407
tr11,20,1.0,1,0.2791
tr11,20,1.0,10,0.2858
tr11,20,1.0,100,0.2858
tr11,20,1.0,1000,0.2859
tr11,30,0.2,0.1,0.2291
tr11,30,0.2,1,0.2289
tr11,30,0.2,10,0.2333
tr11,30,0.2,100,0.2326
tr11,30,0.2,1000,0.2333
tr11,30,0.4,0.1,0.2597
tr11,30,0.4,1,0.2346
tr11,30,0.4,10,0.2361
tr11,30,0.4,100,0.2351
tr11,30,0.4,1000,0.2368
tr11,30,0.6,0.1,0.2597
tr11,30,0.6,1,0.2346
tr11,30,0.6,10,0.2361
tr11,30,0.6,100,0.2351
tr11,30,0.6,1000,0.2368
tr11,30,0.8,0.1,0.2291
tr11,30,0.8,1,0.2289
tr11,30,0.8,10,0.2333
tr11,30,0.8,100,0.2326
tr11,30,0.8,1000,0.2333
tr11,30,1.0,0.1,0.2011
tr11,30,1.0,1,0.2192
tr11,30,1.0,10,0.2212
tr11,30,1.0,100,0.2208
tr11,30,1.0,1000,0.2212
tr11,5,0.2,0.1,0.1831
tr11,5,0.2,1,0.1524
tr11,5,0.2,10,0.1465
tr11,5,0.2,100,0.1465
tr11,5,0.2,1000,0.1465
tr11,5,0.4,0.1,0.2521
tr11,5,0.4,1,0.1745
tr11,5,0.4,10,0.1467
tr11,5,0.4,100,0.1467
tr11,5,0.4,1000,0.1467
tr11,5,0.6,0.1,0.2521
tr11,5,0.6,1,0.1745
tr11,5,0.6,10,0.1467
tr11,5,0.6,100,0.1467
tr11,5,0.6,1000,0.1467
tr11,5,0.8,0.1,0.1831
tr11,5,0.8,1,0.1524
tr11,5,0.8,10,0.1465
tr11,5,0.8,100,0.1465
tr11,5,0.8,1000,0.1465
tr11,5,1.0,0.1,0.0905
tr11,5,1.0,1,0.1059
tr11,5,1.0,10,0.1039
tr11,5,1.0,100,0.1039
tr11,5,1.0,1000,0.1039
tr12,1,0.2,0.1,0.0300
tr12,1,0.2,1,0.0182
tr12,1,0.2,10,0.0182
tr12,1,0.2,100,0.0182
tr12,1,0.2,1000,0.0182
tr12,1,0.4,0.1,0.0500
tr12,1,0.4,1,0.0140
tr12,1,0.4,10,0.0140
tr12,1,0.4,100,0.0140
tr12,1,0.4,1000,0.0140
tr12,1,0.6,0.1,0.0500
tr12,1,0.6,1,0.0140
tr12,1,0.6,10,0.0140
tr12,1,0.6,100,0.0140
tr12,1,0.6,1000,0.0140
tr12,1,0.8,0.1,0.0300
tr12,1,0.8,1,0.0182
tr12,1,0.8,10,0.0182
tr12,1,0.8,100,0.0182
tr12,1,0.8,1000,0.0182
tr12,1,1.0,0.1,0.0031
tr12,1,1.0,1,0.0102
tr12,1,1.0,10,0.0102
tr12,1,1.0,100,0.0102
tr12,1,1.0,1000,0.0102
tr12,10,0.2,0.1,0.2596
tr12,10,0.2,1,0.2901
tr12,10,0.2,10,0.2892
tr12,10,0.2,100,0.2892
tr12,10,0.2,1000,0.2892
tr12,10,0.4,0.1,0.3420
tr12,10,0.4,1,0.2813
tr12,10,0.4,10,0.2823
tr12,10,0.4,100,0.2823
tr12,10,0.4,1000,0.2823
tr12,10,0.6,0.1,0.3420
tr12,10,0.6,1,0.2813
tr12,10,0.6,10,0.2823
tr12,10,0.6,100,0.2823
tr12,10,0.6,1000,0.2823
tr12,10,0.8,0.1,0.2596
tr12,10,0.8,1,0.2901
tr12,10,0.8,10,0.2892
tr12,10,0.8,100,0.2892
tr12,10,0.8,1000,0.2892
tr12,10,1.0,0.1,0.2153
tr12,10,1.0,1,0.2580
tr12,10,1.0,10,0.2580
tr12,10,1.0,100,0.2580
tr12,10,1.0,1000,0.2580
tr12,20,0.2,0.1,0.3964
tr12,20,0.2,1,0.4532
tr12,20,0.2,10,0.4532
tr12,20,0.2,100,0.4532
tr12,20,0.2,1000,0.4532
tr12,20,0.4,0.1,0.4239
tr12,20,0.4,1,0.4386
tr12,20,0.4,10,0.4386
tr12,20,0.4,100,0.4386
tr12,20,0.4,1000,0.4386
tr12,20,0.6,0.1,0.4239
tr12,20,0.6,1,0.4386
tr12,20,0.6,10,0.4386
tr12,20,0.6,100,0.4386
tr12,20,0.6,1000,0.4386
tr12,20,0.8,0.1,0.3964
tr12,20,0.8,1,0.4532
tr12,20,0.8,10,0.4532
tr12,20,0.8,100,0.4532
tr12,20,0.8,1000,0.4532
tr12,20,1.0,0.1,0.3741
tr12,20,1.0,1,0.4430
tr12,20,1.0,10,0.4427
tr12,20,1.0,100,0.4427
tr12,20,1.0,1000,0.4427
tr12,30,0.2,0.1,0.2377
tr12,30,0.2,1,0.2683
tr12,30,0.2,10,0.2681
tr12,30,0.2,100,0.2681
tr12,30,0.2,1000,0.2681
tr12,30,0.4,0.1,0.2622
tr12,30,0.4,1,0.2701
tr12,30,0.4,10,0.2705
tr12,30,0.4,100,0.2705
tr12,30,0.4,1000,0.2705
tr12,30,0.6,0.1,0.2622
tr12,30,0.6,1,0.2701
tr12,30,0.6,10,0.2705
tr12,30,0.6,100,0.2705
tr12,30,0.6,1000,0.2705
tr12,30,0.8,0.1,0.2377
tr12,30,0.8,1,0.2683
tr12,30,0.8,10,0.2681
tr12,30,0.8,100,0.2681
tr12,30,0.8,1000,0.2681
tr12,30,1.0,0.1,0.2270
tr12,30,1.0,1,0.2842
tr12,30,1.0,10,0.2845
tr12,30,1.0,100,0.2845
tr12,30,1.0,1000,0.2845
tr12,5,0.2,0.1,0.1987
tr12,5,0.2,1,0.1803
tr12,5,0.2,10,0.1815
tr12,5,0.2,100,0.1815
tr12,5,0.2,1000,0.1815
tr12,5,0.4,0.1,0.2709
tr12,5,0.4,1,0.1894
tr12,5,0.4,10,0.1902
tr12,5,0.4,100,0.1902
tr12,5,0.4,1000,0.1902
tr12,5,0.6,0.1,0.2709
tr12,5,0.6,1,0.1894
tr12,5,0.6,10,0.1902
tr12,5,0.6,100,0.1902
tr12,5,0.6,1000,0.1902
tr12,5,0.8,0.1,0.1987
tr12,5,0.8,1,0.1803
tr12,5,0.8,10,0.1815
tr12,5,0.8,100,0.1815
tr12,5,0.8,1000,0.1815
tr12,5,1.0,0.1,0.1363
tr12,5,1.0,1,0.1470
tr12,5,1.0,10,0.1486
tr12,5,1.0,100,0.1486
tr12,5,1.0,1000,0.1486
tr21,1,0.2,0.1,0.0256
tr21,1,0.2,1,0.0351
tr21,1,0.2,10,0.0351
tr21,1,0.2,100,0.0351
tr21,1,0.2,1000,0.0351
tr21,1,0.4,0.1,0.0352
tr21,1,0.4,1,0.0425
tr21,1,0.4,10,0.0425
tr21,1,0.4,100,0.0425
tr21,1,0.4,1000,0.0425
tr21,1,0.6,0.1,0.0352
tr21,1,0.6,1,0.0425
tr21,1,0.6,10,0.0425
tr21,1,0.6,100,0.0425
tr21,1,0.6,1000,0.0425
tr21,1,0.8,0.1,0.0256
tr21,1,0.8,1,0.0351
tr21,1,0.8,10,0.0351
tr21,1,0.8,100,0.0351
tr21,1,0.8,1000,0.0351
tr21,1,1.0,0.1,0.0225
tr21,1,1.0,1,0.0326
tr21,1,1.0,10,0.0326
tr21,1,1.0,100,0.0326
tr21,1,1.0,1000,0.0326
tr21,10,0.2,0.1,0.1788
tr21,10,0.2,1,0.1878
tr21,10,0.2,10,0.1860
tr21,10,0.2,100,0.1860
tr21,10,0.2,1000,0.1860
tr21,10,0.4,0.1,0.2135
tr21,10,0.4,1,0.1875
tr21,10,0.4,10,0.1856
tr21,10,0.4,100,0.1856
tr21,10,0.4,1000,0.1856
tr21,10,0.6,0.1,0.2135
tr21,10,0.6,1,0.1875
tr21,10,0.6,10,0.1856
tr21,10,0.6,100,0.1856
tr21,10,0.6,1000,0.1856
tr21,10,0.8,0.1,0.1788
tr21,10,0.8,1,0.1878
tr21,10,0.8,10,0.1860
tr21,10,0.8,100,0.1860
tr21,10,0.8,1000,0.1860
tr21,10,1.0,0.1,0.1277
tr21,10,1.0,1,0.1409
tr21,10,1.0,10,0.1416
tr21,10,1.0,100,0.1416
tr21,10,1.0,1000,0.1416
tr21,20,0.2,0.1,0.2042
tr21,20,0.2,1,0.2204
tr21,20,0.2,10,0.2206
tr21,20,0.2,100,0.2206
tr21,20,0.2,1000,0.2206
tr21,20,0.4,0.1,0.2363
tr21,20,0.4,1,0.2159
tr21,20,0.4,10,0.2165
tr21,20,0.4,100,0.2165
tr21,20,0.4,1000,0.2165
tr21,20,0.6,0.1,0.2363
tr21,20,0.6,1,0.2159
tr21,20,0.6,10,0.2165
tr21,20,0.6,100,0.2165
tr21,20,0.6,1000,0.2165
tr21,20,0.8,0.1,0.2042
tr21,20,0.8,1,0.2204
tr21,20,0.8,10,0.2206
tr21,20,0.8,100,0.2206
tr21,20,0.8,1000,0.2206
tr21,20,1.0,0.1,0.1859
tr21,20,1.0,1,0.2172
tr21,20,1.0,10,0.2179
tr21,20,1.0,100,0.2179
tr21,20,1.0,1000,0.2179
tr21,30,0.2,0.1,0.2358
tr21,30,0.2,1,0.2530
tr21,30,0.2,10,0.2529
tr21,30,0.2,100,0.2529
tr21,30,0.2,1000,0.2529
tr21,30,0.4,0.1,0.2587
tr21,30,0.4,1,0.2442
tr21,30,0.4,10,0.2429
tr21,30,0.4,100,0.2429
tr21,30,0.4,1000,0.2429
tr21,30,0.6,0.1,0.2587
tr21,30,0.6,1,0.2442
tr21,30,0.6,10,0.2429
tr21,30,0.6,100,0.2429
tr21,30,0.6,1000,0.2429
tr21,30,0.8,0.1,0.2358
tr21,30,0.8,1,0.2530
tr21,30,0.8,10,0.2529
tr21,30,0.8,100,0.2529
tr21,30,0.8,1000,0.2529
tr21,30,1.0,0.1,0.2343
tr21,30,1.0,1,0.2468
tr21,30,1.0,10,0.2469
tr21,30,1.0,100,0.2469
tr21,30,1.0,1000,0.2469
tr21,5,0.2,0.1,0.1192
tr21,5,0.2,1,0.1010
tr21,5,0.2,10,0.1016
tr21,5,0.2,100,0.1016
tr21,5,0.2,1000,0.1016
tr21,5,0.4,0.1,0.1818
tr21,5,0.4,1,0.1159
tr21,5,0.4,10,0.1159
tr21,5,0.4,100,0.1159
tr21,5,0.4,1000,0.1159
tr21,5,0.6,0.1,0.1818
tr21,5,0.6,1,0.1159
tr21,5,0.6,10,0.1159
tr21,5,0.6,100,0.1159
tr21,5,0.6,1000,0.1159
tr21,5,0.8,0.1,0.1192
tr21,5,0.8,1,0.1010
tr21,5,0.8,10,0.1016
tr21,5,0.8,100,0.1016
tr21,5,0.8,1000,0.1016
tr21,5,1.0,0.1,0.0595
tr21,5,1.0,1,0.0742
tr21,5,1.0,10,0.0742
tr21,5,1.0,100,0.0742
tr21,5,1.0,1000,0.0742
tr23,1,0.2,0.1,0.0635
tr23,1,0.2,1,0.0940
tr23,1,0.2,10,0.0940
tr23,1,0.2,100,0.0940
tr23,1,0.2,1000,0.0940
tr23,1,0.4,0.1,0.0735
tr23,1,0.4,1,0.0894
tr23,1,0.4,10,0.0882
tr23,1,0.4,100,0.0882
tr23,1,0.4,1000,0.0882
tr23,1,0.6,0.1,0.0735
tr23,1,0.6,1,0.0894
tr23,1,0.6,10,0.0882
tr23,1,0.6,100,0.0882
tr23,1,0.6,1000,0.0882
tr23,1,0.8,0.1,0.0635
tr23,1,0.8,1,0.0940
tr23,1,0.8,10,0.0940
tr23,1,0.8,100,0.0940
tr23,1,0.8,1000,0.0940
tr23,1,1.0,0.1,0.0577
tr23,1,1.0,1,0.0874
tr23,1,1.0,10,0.0874
tr23,1,1.0,100,0.0874
tr23,1,1.0,1000,0.0874
tr23,10,0.2,0.1,0.2620
tr23,10,0.2,1,0.2821
tr23,10,0.2,10,0.2787
tr23,10,0.2,100,0.2787
tr23,10,0.2,1000,0.2787
tr23,10,0.4,0.1,0.2977
tr23,10,0.4,1,0.2882
tr23,10,0.4,10,0.2790
tr23,10,0.4,100,0.2790
tr23,10,0.4,1000,0.2790
tr23,10,0.6,0.1,0.2977
tr23,10,0.6,1,0.2882
tr23,10,0.6,10,0.2790
tr23,10,0.6,100,0.2790
tr23,10,0.6,1000,0.2790
tr23,10,0.8,0.1,0.2620
tr23,10,0.8,1,0.2821
tr23,10,0.8,10,0.2787
tr23,10,0.8,100,0.2787
tr23,10,0.8,1000,0.2787
tr23,10,1.0,0.1,0.2316
tr23,10,1.0,1,0.2682
tr23,10,1.0,10,0.2640
tr23,10,1.0,100,0.2640
tr23,10,1.0,1000,0.2640
tr23,20,0.2,0.1,0.2411
tr23,20,0.2,1,0.2372
tr23,20,0.2,10,0.2353
tr23,20,0.2,100,0.2353
tr23,20,0.2,1000,0.2353
tr23,20,0.4,0.1,0.2663
tr23,20,0.4,1,0.2590
tr23,20,0.4,10,0.2610
tr23,20,0.4,100,0.2610
tr23,20,0.4,1000,0.2610
tr23,20,0.6,0.1,0.2663
tr23,20,0.6,1,0.2590
tr23,20,0.6,10,0.2610
tr23,20,0.6,100,0.2610
tr23,20,0.6,1000,0.2610
tr23,20,0.8,0.1,0.2411
tr23,20,0.8,1,0.2372
tr23,20,0.8,10,0.2353
tr23,20,0.8,100,0.2353
tr23,20,0.8,1000,0.2353
tr23,20,1.0,0.1,0.2121
tr23,20,1.0,1,0.2174
tr23,20,1.0,10,0.2190
tr23,20,1.0,100,0.2190
tr23,20,1.0,1000,0.2190
tr23,30,0.2,0.1,0.2591
tr23,30,0.2,1,0.2865
tr23,30,0.2,10,0.2901
tr23,30,0.2,100,0.2901
tr23,30,0.2,1000,0.2901
tr23,30,0.4,0.1,0.2781
tr23,30,0.4,1,0.3033
tr23,30,0.4,10,0.3060
tr23,30,0.4,100,0.3060
tr23,30,0.4,1000,0.3060
tr23,30,0.6,0.1,0.2781
tr23,30,0.6,1,0.3033
tr23,30,0.6,10,0.3060
tr23,30,0.6,100,0.3060
tr23,30,0.6,1000,0.3060
tr23,30,0.8,0.1,0.2591
tr23,30,0.8,1,0.2865
tr23,30,0.8,10,0.2901
tr23,30,0.8,100,0.2901
tr23,30,0.8,1000,0.2901
tr23,30,1.0,0.1,0.2480
tr23,30,1.0,1,0.2785
tr23,30,1.0,10,0.2826
tr23,30,1.0,100,0.2826
tr23,30,1.0,1000,0.2826
tr23,5,0.2,0.1,0.2694
tr23,5,0.2,1,0.2861
tr23,5,0.2,10,0.2873
tr23,5,0.2,100,0.2873
tr23,5,0.2,1000,0.2873
tr23,5,0.4,0.1,0.2959
tr23,5,0.4,1,0.2787
tr23,5,0.4,10,0.2730
tr23,5,0.4,100,0.2730
tr23,5,0.4,1000,0.2730
tr23,5,0.6,0.1,0.2959
tr23,5,0.6,1,0.2787
tr23,5,0.6,10,0.2730
tr23,5,0.6,100,0.2730
tr23,5,0.6,1000,0.2730
tr23,5,0.8,0.1,0.2694
tr23,5,0.8,1,0.2861
tr23,5,0.8,10,0.2873
tr23,5,0.8,100,0.2873
tr23,5,0.8,1000,0.2873
tr23,5,1.0,0.1,0.2388
tr23,5,1.0,1,0.2564
tr23,5,1.0,10,0.2581
tr23,5,1.0,100,0.2581
tr23,5,1.0,1000,0.2581
tr31,1,0.2,0.1,0.0383
tr31,1,0.2,1,0.0133
tr31,1,0.2,10,0.0097
tr31,1,0.2,100,0.0097
tr31,1,0.2,1000,0.0097
tr31,1,0.4,0.1,0.0487
tr31,1,0.4,1,0.0231
tr31,1,0.4,10,0.0104
tr31,1,0.4,100,0.0104
tr31,1,0.4,1000,0.0104
tr31,1,0.6,0.1,0.0487
tr31,1,0.6,1,0.0231
tr31,1,0.6,10,0.0104
tr31,1,0.6,100,0.0104
tr31,1,0.6,1000,0.0104
tr31,1,0.8,0.1,0.0383
tr31,1,0.8,1,0.0133
tr31,1,0.8,10,0.0097
tr31,1,0.8,100,0.0097
tr31,1,0.8,1000,0.0097
tr31,1,1.0,0.1,0.0117
tr31,1,1.0,1,0.0112
tr31,1,1.0,10,0.0098
tr31,1,1.0,100,0.0098
tr31,1,1.0,1000,0.0098
tr31,10,0.2,0.1,0.3327
tr31,10,0.2,1,0.2058
tr31,10,0.2,10,0.1716
tr31,10,0.2,100,0.1716
tr31,10,0.2,1000,0.1716
tr31,10,0.4,0.1,0.4282
tr31,10,0.4,1,0.2330
tr31,10,0.4,10,0.1788
tr31,10,0.4,100,0.1788
tr31,10,0.4,1000,0.1788
tr31,10,0.6,0.1,0.4282
tr31,10,0.6,1,0.2330
tr31,10,0.6,10,0.1788
tr31,10,0.6,100,0.1788
tr31,10,0.6,1000,0.1788
tr31,10,0.8,0.1,0.3327
tr31,10,0.8,1,0.2058
tr31,10,0.8,10,0.1716
tr31,10,0.8,100,0.1716
tr31,10,0.8,1000,0.1716
tr31,10,1.0,0.1,0.2602
tr31,10,1.0,1,0.1927
tr31,10,1.0,10,0.1707
tr31,10,1.0,100,0.1707
tr31,10,1.0,1000,0.1707
tr31,20,0.2,0.1,0.4933
tr31,20,0.2,1,0.3518
tr31,20,0.2,10,0.3459
tr31,20,0.2,100,0.3459
tr31,20,0.2,1000,0.3459
tr31,20,0.4,0.1,0.5369
tr31,20,0.4,1,0.3502
tr31,20,0.4,10,0.3441
tr31,20,0.4,100,0.3441
tr31,20,0.4,1000,0.3441
tr31,20,0.6,0.1,0.5369
tr31,20,0.6,1,0.3502
tr31,20,0.6,10,0.3441
tr31,20,0.6,100,0.3441
tr31,20,0.6,1000,0.3441
tr31,20,0.8,0.1,0.4933
tr31,20,0.8,1,0.3518
tr31,20,0.8,10,0.3459
tr31,20,0.8,100,0.3459
tr31,20,0.8,1000,0.3459
tr31,20,1.0,0.1,0.4470
tr31,20,1.0,1,0.3340
tr31,20,1.0,10,0.3298
tr31,20,1.0,100,0.3298
tr31,20,1.0,1000,0.3298
tr31,30,0.2,0.1,0.4361
tr31,30,0.2,1,0.2944
tr31,30,0.2,10,0.2732
tr31,30,0.2,100,0.2732
tr31,30,0.2,1000,0.2732
tr31,30,0.4,0.1,0.4655
tr31,30,0.4,1,0.3037
tr31,30,0.4,10,0.2761
tr31,30,0.4,100,0.2761
tr31,30,0.4,1000,0.2761
tr31,30,0.6,0.1,0.4655
tr31,30,0.6,1,0.3037
tr31,30,0.6,10,0.2761
tr31,30,0.6,100,0.2761
tr31,30,0.6,1000,0.2761
tr31,30,0.8,0.1,0.4361
tr31,30,0.8,1,0.2944
tr31,30,0.8,10,0.2732
tr31,30,0.8,100,0.2732
tr31,30,0.8,1000,0.2732
tr31,30,1.0,0.1,0.4000
tr31,30,1.0,1,0.2802
tr31,30,1.0,10,0.2578
tr31,30,1.0,100,0.2578
tr31,30,1.0,1000,0.2578
tr31,5,0.2,0.1,0.2011
tr31,5,0.2,1,0.0838
tr31,5,0.2,10,0.0718
tr31,5,0.2,100,0.0718
tr31,5,0.2,1000,0.0718
tr31,5,0.4,0.1,0.2700
tr31,5,0.4,1,0.0939
tr31,5,0.4,10,0.0724
tr31,5,0.4,100,0.0724
tr31,5,0.4,1000,0.0724
tr31,5,0.6,0.1,0.2700
tr31,5,0.6,1,0.0939
tr31,5,0.6,10,0.0724
tr31,5,0.6,100,0.0724
tr31,5,0.6,1000,0.0724
tr31,5,0.8,0.1,0.2011
tr31,5,0.8,1,0.0838
tr31,5,0.8,10,0.0718
tr31,5,0.8,100,0.0718
tr31,5,0.8,1000,0.0718
tr31,5,1.0,0.1,0.1269
tr31,5,1.0,1,0.0731
tr31,5,1.0,10,0.0675
tr31,5,1.0,100,0.0675
tr31,5,1.0,1000,0.0675
tr41,1,0.2,0.1,0.0298
tr41,1,0.2,1,0.0230
tr41,1,0.2,10,0.0230
tr41,1,0.2,100,0.0230
tr41,1,0.2,1000,0.0230
tr41,1,0.4,0.1,0.0534
tr41,1,0.4,1,0.0264
tr41,1,0.4,10,0.0264
tr41,1,0.4,100,0.0264
tr41,1,0.4,1000,0.0264
tr41,1,0.6,0.1,0.0534
tr41,1,0.6,1,0.0264
tr41,1,0.6,10,0.0264
tr41,1,0.6,100,0.0264
tr41,1,0.6,1000,0.0264
tr41,1,0.8,0.1,0.0298
tr41,1,0.8,1,0.0230
tr41,1,0.8,10,0.0230
tr41,1,0.8,100,0.0230
tr41,1,0.8,1000,0.0230
tr41,1,1.0,0.1,0.0152
tr41,1,1.0,1,0.0175
tr41,1,1.0,10,0.0219
tr41,1,1.0,100,0.0219
tr41,1,1.0,1000,0.0219
tr41,10,0.2,0.1,0.4470
tr41,10,0.2,1,0.2847
tr41,10,0.2,10,0.2824
tr41,10,0.2,100,0.2824
tr41,10,0.2,1000,0.2824
tr41,10,0.4,0.1,0.5032
tr41,10,0.4,1,0.2852
tr41,10,0.4,10,0.2796
tr41,10,0.4,100,0.2796
tr41,10,0.4,1000,0.2796
tr41,10,0.6,0.1,0.5032
tr41,10,0.6,1,0.2852
tr41,10,0.6,10,0.2796
tr41,10,0.6,100,0.2796
tr41,10,0.6,1000,0.2796
tr41,10,0.8,0.1,0.4470
tr41,10,0.8,1,0.2847
tr41,10,0.8,10,0.2824
tr41,10,0.8,100,0.2824
tr41,10,0.8,1000,0.2824
tr41,10,1.0,0.1,0.3897
tr41,10,1.0,1,0.2797
tr41,10,1.0,10,0.2781
tr41,10,1.0,100,0.2781
tr41,10,1.0,1000,0.2781
tr41,20,0.2,0.1,0.5055
tr41,20,0.2,1,0.4063
tr41,20,0.2,10,0.4056
tr41,20,0.2,100,0.4056
tr41,20,0.2,1000,0.4056
tr41,20,0.4,0.1,0.5446
tr41,20,0.4,1,0.4034
tr41,20,0.4,10,0.4033
tr41,20,0.4,100,0.4033
tr41,20,0.4,1000,0.4033
tr41,20,0.6,0.1,0.5446
tr41,20,0.6,1,0.4034
tr41,20,0.6,10,0.4033
tr41,20,0.6,100,0.4033
tr41,20,0.6,1000,0.4033
tr41,20,0.8,0.1,0.5055
tr41,20,0.8,1,0.4063
tr41,20,0.8,10,0.4056
tr41,20,0.8,100,0.4056
tr41,20,0.8,1000,0.4056
tr41,20,1.0,0.1,0.4601
tr41,20,1.0,1,0.3994
tr41,20,1.0,10,0.4003
tr41,20,1.0,100,0.4003
tr41,20,1.0,1000,0.4003
tr41,30,0.2,0.1,0.4712
tr41,30,0.2,1,0.3821
tr41,30,0.2,10,0.3867
tr41,30,0.2,100,0.3867
tr41,30,0.2,1000,0.3867
tr41,30,0.4,0.1,0.4761
tr41,30,0.4,1,0.3778
tr41,30,0.4,10,0.3828
tr41,30,0.4,100,0.3828
tr41,30,0.4,1000,0.3828
tr41,30,0.6,0.1,0.4761
tr41,30,0.6,1,0.3778
tr41,30,0.6,10,0.3828
tr41,30,0.6,100,0.3828
tr41,30,0.6,1000,0.3828
tr41,30,0.8,0.1,0.4712
tr41,30,0.8,1,0.3821
tr41,30,0.8,10,0.3867
tr41,30,0.8,100,0.3867
tr41,30,0.8,1000,0.3867
tr41,30,1.0,0.1,0.4442
tr41,30,1.0,1,0.3862
tr41,30,1.0,10,0.3906
tr41,30,1.0,100,0.3906
tr41,30,1.0,1000,0.3906
tr41,5,0.2,0.1,0.2897
tr41,5,0.2,1,0.1772
tr41,5,0.2,10,0.1737
tr41,5,0.2,100,0.1737
tr41,5,0.2,1000,0.1737
tr41,5,0.4,0.1,0.3640
tr41,5,0.4,1,0.1754
tr41,5,0.4,10,0.1716
tr41,5,0.4,100,0.1716
tr41,5,0.4,1000,0.1716
tr41,5,0.6,0.1,0.3640
tr41,5,0.6,1,0.1754
tr41,5,0.6,10,0.1716
tr41,5,0.6,100,0.1716
tr41,5,0.6,1000,0.1716
tr41,5,0.8,0.1,0.2897
tr41,5,0.8,1,0.1772
tr41,5,0.8,10,0.1737
tr41,5,0.8,100,0.1737
tr41,5,0.8,1000,0.1737
tr41,5,1.0,0.1,0.2157
tr41,5,1.0,1,0.1483
tr41,5,1.0,10,0.1623
tr41,5,1.0,100,0.1623
tr41,5,1.0,1000,0.1623
tr45,1,0.2,0.1,0.0260
tr45,1,0.2,1,0.0261
tr45,1,0.2,10,0.0261
tr45,1,0.2,100,0.0261
tr45,1,0.2,1000,0.0261
tr45,1,0.4,0.1,0.0345
tr45,1,0.4,1,0.0257
tr45,1,0.4,10,0.0257
tr45,1,0.4,100,0.0257
tr45,1,0.4,1000,0.0257
tr45,1,0.6,0.1,0.0345
tr45,1,0.6,1,0.0257
tr45,1,0.6,10,0.0257
tr45,1,0.6,100,0.0257
tr45,1,0.6,1000,0.0257
tr45,1,0.8,0.1,0.0260
tr45,1,0.8,1,0.0261
tr45,1,0.8,10,0.0261
tr45,1,0.8,100,0.0261
tr45,1,0.8,1000,0.0261
tr45,1,1.0,0.1,0.0166
tr45,1,1.0,1,0.0183
tr45,1,1.0,10,0.0185
tr45,1,1.0,100,0.0185
tr45,1,1.0,1000,0.0185
tr45,10,0.2,0.1,0.3319
tr45,10,0.2,1,0.2790
tr45,10,0.2,10,0.2781
tr45,10,0.2,100,0.2781
tr45,10,0.2,1000,0.2781
tr45,10,0.4,0.1,0.4254
tr45,10,0.4,1,0.2813
tr45,10,0.4,10,0.2764
tr45,10,0.4,100,0.2764
tr45,10,0.4,1000,0.2764
tr45,10,0.6,0.1,0.4254
tr45,10,0.6,1,0.2813
tr45,10,0.6,10,0.2764
tr45,10,0.6,100,0.2764
tr45,10,0.6,1000,0.2764
tr45,10,0.8,0.1,0.3319
tr45,10,0.8,1,0.2790
tr45,10,0.8,10,0.2781
tr45,10,0.8,100,0.2781
tr45,10,0.8,1000,0.2781
tr45,10,1.0,0.1,0.2578
tr45,10,1.0,1,0.2754
tr45,10,1.0,10,0.2736
tr45,10,1.0,100,0.2736
tr45,10,1.0,1000,0.2736
tr45,20,0.2,0.1,0.4457
tr45,20,0.2,1,0.3513
tr45,20,0.2,10,0.3502
tr45,20,0.2,100,0.3502
tr45,20,0.2,1000,0.3502
tr45,20,0.4,0.1,0.4847
tr45,20,0.4,1,0.3528
tr45,20,0.4,10,0.3535
tr45,20,0.4,100,0.3535
tr45,20,0.4,1000,0.3535
tr45,20,0.6,0.1,0.4847
tr45,20,0.6,1,0.3528
tr45,20,0.6,10,0.3535
tr45,20,0.6,100,0.3535
tr45,20,0.6,1000,0.3535
tr45,20,0.8,0.1,0.4457
tr45,20,0.8,1,0.3513
tr45,20,0.8,10,0.3502
tr45,20,0.8,100,0.3502
tr45,20,0.8,1000,0.3502
tr45,20,1.0,0.1,0.4016
tr45,20,1.0,1,0.3331
tr45,20,1.0,10,0.3334
tr45,20,1.0,100,0.3334
tr45,20,1.0,1000,0.3334
tr45,30,0.2,0.1,0.5088
tr45,30,0.2,1,0.4787
tr45,30,0.2,10,0.4771
tr45,30,0.2,100,0.4771
tr45,30,0.2,1000,0.4771
tr45,30,0.4,0.1,0.5269
tr45,30,0.4,1,0.4624
tr45,30,0.4,10,0.4621
tr45,30,0.4,100,0.4621
tr45,30,0.4,1000,0.4621
tr45,30,0.6,0.1,0.5269
tr45,30,0.6,1,0.4624
tr45,30,0.6,10,0.4621
tr45,30,0.6,100,0.4621
tr45,30,0.6,1000,0.4621
tr45,30,0.8,0.1,0.5088
tr45,30,0.8,1,0.4787
tr45,30,0.8,10,0.4771
tr45,30,0.8,100,0.4771
tr45,30,0.8,1000,0.4771
tr45,30,1.0,0.1,0.4799
tr45,30,1.0,1,0.4734
tr45,30,1.0,10,0.4737
tr45,30,1.0,100,0.4737
tr45,30,1.0,1000,0.4737
tr45,5,0.2,0.1,0.1843
tr45,5,0.2,1,0.1419
tr45,5,0.2,10,0.1407
tr45,5,0.2,100,0.1407
tr45,5,0.2,1000,0.1407
tr45,5,0.4,0.1,0.2645
tr45,5,0.4,1,0.1436
tr45,5,0.4,10,0.1262
tr45,5,0.4,100,0.1262
tr45,5,0.4,1000,0.1262
tr45,5,0.6,0.1,0.2645
tr45,5,0.6,1,0.1436
tr45,5,0.6,10,0.1262
tr45,5,0.6,100,0.1262
tr45,5,0.6,1000,0.1262
tr45,5,0.8,0.1,0.1843
tr45,5,0.8,1,0.1419
tr45,5,0.8,10,0.1407
tr45,5,0.8,100,0.1407
tr45,5,0.8,1000,0.1407
tr45,5,1.0,0.1,0.1131
tr45,5,1.0,1,0.1263
tr45,5,1.0,10,0.1292
tr45,5,1.0,100,0.1292
tr45,5,1.0,1000,0.1292
wap,1,0.2,0.1,0.0225
wap,1,0.2,1,0.0208
wap,1,0.2,10,0.0208
wap,1,0.2,100,0.0208
wap,1,0.2,1000,0.0208
wap,1,0.4,0.1,0.0254
wap,1,0.4,1,0.0203
wap,1,0.4,10,0.0203
wap,1,0.4,100,0.0203
wap,1,0.4,1000,0.0203
wap,1,0.6,0.1,0.0254
wap,1,0.6,1,0.0203
wap,1,0.6,10,0.0203
wap,1,0.6,100,0.0203
wap,1,0.6,1000,0.0203
wap,1,0.8,0.1,0.0225
wap,1,0.8,1,0.0208
wap,1,0.8,10,0.0208
wap,1,0.8,100,0.0208
wap,1,0.8,1000,0.0208
wap,1,1.0,0.1,0.0104
wap,1,1.0,1,0.0209
wap,1,1.0,10,0.0209
wap,1,1.0,100,0.0209
wap,1,1.0,1000,0.0209
wap,10,0.2,0.1,0.2232
wap,10,0.2,1,0.1502
wap,10,0.2,10,0.1502
wap,10,0.2,100,0.1502
wap,10,0.2,1000,0.1502
wap,10,0.4,0.1,0.2662
wap,10,0.4,1,0.1642
wap,10,0.4,10,0.1642
wap,10,0.4,100,0.1642
wap,10,0.4,1000,0.1642
wap,10,0.6,0.1,0.2662
wap,10,0.6,1,0.1642
wap,10,0.6,10,0.1642
wap,10,0.6,100,0.1642
wap,10,0.6,1000,0.1642
wap,10,0.8,0.1,0.2232
wap,10,0.8,1,0.1502
wap,10,0.8,10,0.1502
wap,10,0.8,100,0.1502
wap,10,0.8,1000,0.1502
wap,10,1.0,0.1,0.1700
wap,10,1.0,1,0.1452
wap,10,1.0,10,0.1452
wap,10,1.0,100,0.1452
wap,10,1.0,1000,0.1452
wap,20,0.2,0.1,0.3056
wap,20,0.2,1,0.2851
wap,20,0.2,10,0.2851
wap,20,0.2,100,0.2851
wap,20,0.2,1000,0.2851
wap,20,0.4,0.1,0.3384
wap,20,0.4,1,0.2887
wap,20,0.4,10,0.2887
wap,20,0.4,100,0.2887
wap,20,0.4,1000,0.2887
wap,20,0.6,0.1,0.3384
wap,20,0.6,1,0.2887
wap,20,0.6,10,0.2887
wap,20,0.6,100,0.2887
wap,20,0.6,1000,0.2887
wap,20,0.8,0.1,0.3056
wap,20,0.8,1,0.2851
wap,20,0.8,10,0.2851
wap,20,0.8,100,0.2851
wap,20,0.8,1000,0.2851
wap,20,1.0,0.1,0.2573
wap,20,1.0,1,0.2454
wap,20,1.0,10,0.2455
wap,20,1.0,100,0.2455
wap,20,1.0,1000,0.2455
wap,30,0.2,0.1,0.3770
wap,30,0.2,1,0.3572
wap,30,0.2,10,0.3572
wap,30,0.2,100,0.3572
wap,30,0.2,1000,0.3572
wap,30,0.4,0.1,0.4055
wap,30,0.4,1,0.3540
wap,30,0.4,10,0.3539
wap,30,0.4,100,0.3539
wap,30,0.4,1000,0.3539
wap,30,0.6,0.1,0.4055
wap,30,0.6,1,0.3540
wap,30,0.6,10,0.3539
wap,30,0.6,100,0.3539
wap,30,0.6,1000,0.3539
wap,30,0.8,0.1,0.3770
wap,30,0.8,1,0.3572
wap,30,0.8,10,0.3572
wap,30,0.8,100,0.3572
wap,30,0.8,1000,0.3572
wap,30,1.0,0.1,0.3493
wap,30,1.0,1,0.3466
wap,30,1.0,10,0.3460
wap,30,1.0,100,0.3460
wap,30,1.0,1000,0.3460
wap,5,0.2,0.1,0.1014
wap,5,0.2,1,0.0671
wap,5,0.2,10,0.0671
wap,5,0.2,100,0.0671
wap,5,0.2,1000,0.0671
wap,5,0.4,0.1,0.1386
wap,5,0.4,1,0.0670
wap,5,0.4,10,0.0670
wap,5,0.4,100,0.0670
wap,5,0.4,1000,0.0670
wap,5,0.6,0.1,0.1386
wap,5,0.6,1,0.0670
wap,5,0.6,10,0.0670
wap,5,0.6,100,0.0670
wap,5,0.6,1000,0.0670
wap,5,0.8,0.1,0.1014
wap,5,0.8,1,0.0671
wap,5,0.8,10,0.0671
wap,5,0.8,100,0.0671
wap,5,0.8,1000,0.0671
wap,5,1.0,0.1,0.0632
wap,5,1.0,1,0.0668
wap,5,1.0,10,0.0668
wap,5,1.0,100,0.0668
wap,5,1.0,1000,0.0668
fbis,1,0.2,0.1,0.0185
fbis,1,0.2,1,0.0798
fbis,1,0.2,10,0.0194
fbis,1,0.2,100,0.0187
fbis,1,0.2,1000,0.0187
fbis,1,0.4,0.1,0.0469
fbis,1,0.4,1,0.1127
fbis,1,0.4,10,0.0183
fbis,1,0.4,100,0.0171
fbis,1,0.4,1000,0.0171
fbis,1,0.6,0.1,0.0469
fbis,1,0.6,1,0.1127
fbis,1,0.6,10,0.0183
fbis,1,0.6,100,0.0171
fbis,1,0.6,1000,0.0171
fbis,1,0.8,0.1,0.0185
fbis,1,0.8,1,0.0798
fbis,1,0.8,10,0.0194
fbis,1,0.8,100,0.0187
fbis,1,0.8,1000,0.0187
fbis,1,1.0,0.1,0.0025
fbis,1,1.0,1,0.0233
fbis,1,1.0,10,0.0122
fbis,1,1.0,100,0.0122
fbis,1,1.0,1000,0.0122
fbis,10,0.2,0.1,0.2103
fbis,10,0.2,1,0.4824
fbis,10,0.2,10,0.2865
fbis,10,0.2,100,0.2619
fbis,10,0.2,1000,0.2567
fbis,10,0.4,0.1,0.3299
fbis,10,0.4,1,0.5077
fbis,10,0.4,10,0.2671
fbis,10,0.4,100,0.2420
fbis,10,0.4,1000,0.2420
fbis,10,0.6,0.1,0.3299
fbis,10,0.6,1,0.5077
fbis,10,0.6,10,0.2671
fbis,10,0.6,100,0.2420
fbis,10,0.6,1000,0.2420
fbis,10,0.8,0.1,0.2103
fbis,10,0.8,1,0.4824
fbis,10,0.8,10,0.2865
fbis,10,0.8,100,0.2619
fbis,10,0.8,1000,0.2567
fbis,10,1.0,0.1,0.1198
fbis,10,1.0,1,0.3948
fbis,10,1.0,10,0.2638
fbis,10,1.0,100,0.2432
fbis,10,1.0,1000,0.2399
fbis,20,0.2,0.1,0.3100
fbis,20,0.2,1,0.5609
fbis,20,0.2,10,0.4356
fbis,20,0.2,100,0.4297
fbis,20,0.2,1000,0.4309
fbis,20,0.4,0.1,0.3966
fbis,20,0.4,1,0.5273
fbis,20,0.4,10,0.4218
fbis,20,0.4,100,0.4127
fbis,20,0.4,1000,0.4127
fbis,20,0.6,0.1,0.3966
fbis,20,0.6,1,0.5273
fbis,20,0.6,10,0.4218
fbis,20,0.6,100,0.4127
fbis,20,0.6,1000,0.4127
fbis,20,0.8,0.1,0.3100
fbis,20,0.8,1,0.5609
fbis,20,0.8,10,0.4356
fbis,20,0.8,100,0.4297
fbis,20,0.8,1000,0.4309
fbis,20,1.0,0.1,0.2325
fbis,20,1.0,1,0.5223
fbis,20,1.0,10,0.4337
fbis,20,1.0,100,0.4220
fbis,20,1.0,1000,0.4233
fbis,30,0.2,0.1,0.3500
fbis,30,0.2,1,0.5708
fbis,30,0.2,10,0.5078
fbis,30,0.2,100,0.4941
fbis,30,0.2,1000,0.4941
fbis,30,0.4,0.1,0.4079
fbis,30,0.4,1,0.5162
fbis,30,0.4,10,0.4950
fbis,30,0.4,100,0.4808
fbis,30,0.4,1000,0.4808
fbis,30,0.6,0.1,0.4079
fbis,30,0.6,1,0.5162
fbis,30,0.6,10,0.4950
fbis,30,0.6,100,0.4808
fbis,30,0.6,1000,0.4808
fbis,30,0.8,0.1,0.3500
fbis,30,0.8,1,0.5708
fbis,30,0.8,10,0.5078
fbis,30,0.8,100,0.4941
fbis,30,0.8,1000,0.4941
fbis,30,1.0,0.1,0.2872
fbis,30,1.0,1,0.5645
fbis,30,1.0,10,0.5224
fbis,30,1.0,100,0.5067
fbis,30,1.0,1000,0.5076
fbis,5,0.2,0.1,0.1200
fbis,5,0.2,1,0.3600
fbis,5,0.2,10,0.1487
fbis,5,0.2,100,0.1425
fbis,5,0.2,1000,0.1425
fbis,5,0.4,0.1,0.2221
fbis,5,0.4,1,0.4288
fbis,5,0.4,10,0.1486
fbis,5,0.4,100,0.1378
fbis,5,0.4,1000,0.1378
fbis,5,0.6,0.1,0.2221
fbis,5,0.6,1,0.4288
fbis,5,0.6,10,0.1486
fbis,5,0.6,100,0.1378
fbis,5,0.6,1000,0.1378
fbis,5,0.8,0.1,0.1200
fbis,5,0.8,1,0.3600
fbis,5,0.8,10,0.1487
fbis,5,0.8,100,0.1425
fbis,5,0.8,1000,0.1425
fbis,5,1.0,0.1,0.0385
fbis,5,1.0,1,0.2184
fbis,5,1.0,10,0.1191
fbis,5,1.0,100,0.1162
fbis,5,1.0,1000,0.1150